{
  "hash": "e24733cd",
  "configHash": "a74d4735",
  "lockfileHash": "0f60bf53",
  "browserHash": "2f538f37",
  "optimized": {
    "@angular/common": {
      "src": "../../../../../../node_modules/@angular/common/fesm2022/common.mjs",
      "file": "@angular_common.js",
      "fileHash": "9b023d83",
      "needsInterop": false
    },
    "@angular/common/http": {
      "src": "../../../../../../node_modules/@angular/common/fesm2022/http.mjs",
      "file": "@angular_common_http.js",
      "fileHash": "92970e58",
      "needsInterop": false
    },
    "@angular/core": {
      "src": "../../../../../../node_modules/@angular/core/fesm2022/core.mjs",
      "file": "@angular_core.js",
      "fileHash": "8952000c",
      "needsInterop": false
    },
    "@angular/forms": {
      "src": "../../../../../../node_modules/@angular/forms/fesm2022/forms.mjs",
      "file": "@angular_forms.js",
      "fileHash": "108bc1f4",
      "needsInterop": false
    },
    "@angular/platform-browser": {
      "src": "../../../../../../node_modules/@angular/platform-browser/fesm2022/platform-browser.mjs",
      "file": "@angular_platform-browser.js",
      "fileHash": "1e06fb77",
      "needsInterop": false
    },
    "@angular/router": {
      "src": "../../../../../../node_modules/@angular/router/fesm2022/router.mjs",
      "file": "@angular_router.js",
      "fileHash": "0355391e",
      "needsInterop": false
    }
  },
  "chunks": {
    "chunk-6ACPN7VW": {
      "file": "chunk-6ACPN7VW.js"
    },
    "chunk-YYPTSNTQ": {
      "file": "chunk-YYPTSNTQ.js"
    },
    "chunk-JVXE2HI3": {
      "file": "chunk-JVXE2HI3.js"
    },
    "chunk-VB4MYD6K": {
      "file": "chunk-VB4MYD6K.js"
    },
    "chunk-TBUIM6OI": {
      "file": "chunk-TBUIM6OI.js"
    }
  }
}