{
  "hash": "0e74d5a7",
  "configHash": "78fd1726",
  "lockfileHash": "0f60bf53",
  "browserHash": "4dd7372a",
  "optimized": {
    "@angular/common": {
      "src": "../../../../../../node_modules/@angular/common/fesm2022/common.mjs",
      "file": "@angular_common.js",
      "fileHash": "d7590c78",
      "needsInterop": false
    },
    "@angular/common/http": {
      "src": "../../../../../../node_modules/@angular/common/fesm2022/http.mjs",
      "file": "@angular_common_http.js",
      "fileHash": "17126bae",
      "needsInterop": false
    },
    "@angular/core": {
      "src": "../../../../../../node_modules/@angular/core/fesm2022/core.mjs",
      "file": "@angular_core.js",
      "fileHash": "bd88d20a",
      "needsInterop": false
    },
    "@angular/forms": {
      "src": "../../../../../../node_modules/@angular/forms/fesm2022/forms.mjs",
      "file": "@angular_forms.js",
      "fileHash": "939ca333",
      "needsInterop": false
    },
    "@angular/platform-browser": {
      "src": "../../../../../../node_modules/@angular/platform-browser/fesm2022/platform-browser.mjs",
      "file": "@angular_platform-browser.js",
      "fileHash": "8c8d6453",
      "needsInterop": false
    },
    "@angular/router": {
      "src": "../../../../../../node_modules/@angular/router/fesm2022/router.mjs",
      "file": "@angular_router.js",
      "fileHash": "241a25e0",
      "needsInterop": false
    },
    "rxjs": {
      "src": "../../../../../../node_modules/rxjs/dist/esm5/index.js",
      "file": "rxjs.js",
      "fileHash": "fb0bb81d",
      "needsInterop": false
    }
  },
  "chunks": {
    "chunk-JIAQGYO6": {
      "file": "chunk-JIAQGYO6.js"
    },
    "chunk-KBAF3YOY": {
      "file": "chunk-KBAF3YOY.js"
    },
    "chunk-EL7KLRPN": {
      "file": "chunk-EL7KLRPN.js"
    },
    "chunk-SWGKE2Z3": {
      "file": "chunk-SWGKE2Z3.js"
    },
    "chunk-WN3SDDSJ": {
      "file": "chunk-WN3SDDSJ.js"
    },
    "chunk-S35MAB2V": {
      "file": "chunk-S35MAB2V.js"
    }
  }
}