{
  "hash": "7abfc0e3",
  "configHash": "f959e6d1",
  "lockfileHash": "0f60bf53",
  "browserHash": "1ec9e7a7",
  "optimized": {
    "@angular/common": {
      "src": "../../../../../../node_modules/@angular/common/fesm2022/common.mjs",
      "file": "@angular_common.js",
      "fileHash": "ddc0972e",
      "needsInterop": false
    },
    "@angular/common/http": {
      "src": "../../../../../../node_modules/@angular/common/fesm2022/http.mjs",
      "file": "@angular_common_http.js",
      "fileHash": "cdf208ee",
      "needsInterop": false
    },
    "@angular/core": {
      "src": "../../../../../../node_modules/@angular/core/fesm2022/core.mjs",
      "file": "@angular_core.js",
      "fileHash": "cee9071d",
      "needsInterop": false
    },
    "@angular/forms": {
      "src": "../../../../../../node_modules/@angular/forms/fesm2022/forms.mjs",
      "file": "@angular_forms.js",
      "fileHash": "8cb05128",
      "needsInterop": false
    },
    "@angular/platform-browser": {
      "src": "../../../../../../node_modules/@angular/platform-browser/fesm2022/platform-browser.mjs",
      "file": "@angular_platform-browser.js",
      "fileHash": "398e739b",
      "needsInterop": false
    },
    "@angular/router": {
      "src": "../../../../../../node_modules/@angular/router/fesm2022/router.mjs",
      "file": "@angular_router.js",
      "fileHash": "6d1e5126",
      "needsInterop": false
    },
    "rxjs": {
      "src": "../../../../../../node_modules/rxjs/dist/esm5/index.js",
      "file": "rxjs.js",
      "fileHash": "ac8cd374",
      "needsInterop": false
    },
    "rxjs/operators": {
      "src": "../../../../../../node_modules/rxjs/dist/esm5/operators/index.js",
      "file": "rxjs_operators.js",
      "fileHash": "90aa7974",
      "needsInterop": false
    }
  },
  "chunks": {
    "chunk-BJW2UHZR": {
      "file": "chunk-BJW2UHZR.js"
    },
    "chunk-A2A6SXOR": {
      "file": "chunk-A2A6SXOR.js"
    },
    "chunk-DAPQL24X": {
      "file": "chunk-DAPQL24X.js"
    },
    "chunk-YAQLO6BJ": {
      "file": "chunk-YAQLO6BJ.js"
    },
    "chunk-6K5COJ7F": {
      "file": "chunk-6K5COJ7F.js"
    },
    "chunk-C6ZQOQFD": {
      "file": "chunk-C6ZQOQFD.js"
    },
    "chunk-JINMNLB2": {
      "file": "chunk-JINMNLB2.js"
    },
    "chunk-2C44WUKA": {
      "file": "chunk-2C44WUKA.js"
    }
  }
}